,Review,Client ID,Worker ID,Org,Job Num,Pay Component,Rate,Hours,Units,Line Date,Amount,Check,Override State,Override Local,Labor Override
0,✅ Validated,16068715,2,,,Hourly,19.28,2.0,,,,,,,2
1,✅ Validated,16068715,2,,,Hourly,19.29,17.85,,,,,,,2
2,✅ Validated,16068715,18,,,Hourly,19.28,31.0,,,,,,,18
3,✅ Validated,16068715,18,,,Hourly,19.29,12.75,,,,,,,18
4,✅ Validated,16068715,19,,,Hourly,17,51.25,,,,,,,19
5,✅ Validated,16068715,19,,,Hourly,18,28.75,,,,,,,19
6,✅ Validated,16068715,19,,,Overtime,18,13.25,,,,,,,19
7,✅ Validated,16068715,26,,,Hourly,19.29,26.25,,,,,,,26
8,✅ Validated,16068715,32,,,Hourly,22,24.75,,,,,,,32
9,✅ Validated,16068715,40,,,Hourly,17,42.75,,,,,,,40
10,✅ Validated,16068715,41,,,Hourly,19.28,60.0,,,,,,,41
11,✅ Validated,16068715,41,,,Hourly,19.29,20.0,,,,,,,41
12,✅ Validated,16068715,41,,,Overtime,19.29,10.0,,,,,,,41
13,✅ Validated,16068715,55,,,Hourly,22,5.75,,,,,,,55
14,✅ Validated,16068715,55,,,Hourly,24,23.5,,,,,,,55
15,✅ Validated,16068715,56,,,Hourly,24,2.0,,,,,,,56
16,✅ Validated,16068715,58,,,Hourly,22,80.0,,,,,,,58
17,✅ Validated,16068715,58,,,Overtime,22,8.25,,,,,,,58
18,✅ Validated,16068715,104,,,Hourly,19.29,75.0,,,,,,,104
19,✅ Validated,16068715,125,,,Hourly,17,80.0,,,,,,,125
20,✅ Validated,16068715,125,,,Overtime,17,10.0,,,,,,,125
21,✅ Validated,16068715,133,,,Hourly,19.28,30.0,,,,,,,133
22,✅ Validated,16068715,133,,,Hourly,19.29,50.0,,,,,,,133
23,✅ Validated,16068715,133,,,Overtime,19.29,6.75,,,,,,,133
24,✅ Validated,16068715,151,,,Hourly,17,27.75,,,,,,,151
25,✅ Validated,16068715,155,,,Hourly,17,2.0,,,,,,,155
26,✅ Validated,16068715,155,,,Hourly,22,3.0,,,,,,,155
27,✅ Validated,16068715,185,,,Hourly,22,43.75,,,,,,,185
28,✅ Validated,16068715,185,,,Hourly,25,12.0,,,,,,,185
29,✅ Validated,16068715,190,,,Hourly,17,80.0,,,,,,,190
30,✅ Validated,16068715,190,,,Overtime,17,14.5,,,,,,,190
31,✅ Validated,16068715,201,,,Hourly,19.29,80.0,,,,,,,201
32,✅ Validated,16068715,201,,,Overtime,19.29,10.0,,,,,,,201
33,✅ Validated,16068715,218,,,Hourly,19.29,66.0,,,,,,,218
34,✅ Validated,16068715,236,,,Hourly,17,50.0,,,,,,,236
35,✅ Validated,16068715,237,,,Hourly,17,77.75,,,,,,,237
36,✅ Validated,16068715,255,,,Hourly,17,60.75,,,,,,,255
37,✅ Validated,16068715,259,,,Hourly,17,8.0,,,,,,,259
38,✅ Validated,16068715,259,,,Hourly,18,72.0,,,,,,,259
39,✅ Validated,16068715,259,,,Overtime,18,16.0,,,,,,,259
40,✅ Validated,16068715,271,,,Hourly,22.5,36.0,,,,,,,271
41,✅ Validated,16068715,276,,,Hourly,17,8.75,,,,,,,276
42,✅ Validated,16068715,276,,,Hourly,22,5.0,,,,,,,276
43,✅ Validated,16068715,279,,,Hourly,22,24.0,,,,,,,279
44,✅ Validated,16068715,327,,,Hourly,22,4.0,,,,,,,327
45,✅ Validated,16068715,327,,,MILEAGE REIMB,0.73,,3.0,,,,,,327
46,✅ Validated,16068715,329,,,Hourly,19.28,3.0,,,,,,,329
47,✅ Validated,16068715,329,,,Hourly,19.29,5.5,,,,,,,329
48,✅ Validated,16068715,350,,,Hourly,17,70.25,,,,,,,350
49,✅ Validated,16068715,363,,,Hourly,22,8.25,,,,,,,363
50,✅ Validated,16068715,374,,,Hourly,19.29,6.0,,,,,,,374
51,✅ Validated,16068715,408,,,Hourly,20,47.5,,,,,,,408
52,✅ Validated,16068715,418,,,Hourly,17,12.0,,,,,,,418
53,✅ Validated,16068715,418,,,Hourly,18,19.25,,,,,,,418
54,✅ Validated,16068715,419,,,Hourly,19.29,70.07,,,,,,,419
55,✅ Validated,16068715,428,,,Overtime,17,3.75,,,,,,,428
56,✅ Validated,16068715,428,,,Hourly,17,80.0,,,,,,,428
57,✅ Validated,16068715,428,,,Overtime,17,14.75,,,,,,,428
58,✅ Validated,16068715,432,,,Hourly,25,56.42,,,,,,,432
59,✅ Validated,16068715,442,,,Hourly,22,63.0,,,,,,,442
60,✅ Validated,16068715,442,,,MILEAGE REIMB,0.73,,75.0,,,,,,442
61,✅ Validated,16068715,458,,,Overtime,17,45.25,,,,,,,458
62,✅ Validated,16068715,458,,,Hourly,17,80.0,,,,,,,458
63,✅ Validated,16068715,458,,,Overtime,17,7.0,,,,,,,458
64,✅ Validated,16068715,465,,,Hourly,19.28,2.0,,,,,,,465
65,✅ Validated,16068715,465,,,Hourly,19.29,1.5,,,,,,,465
66,✅ Validated,16068715,496,,,Hourly,22,4.0,,,,,,,496
67,✅ Validated,16068715,507,,,Hourly,19.29,32.25,,,,,,,507
68,✅ Validated,16068715,516,,,Hourly,17,8.0,,,,,,,516
69,✅ Validated,16068715,516,,,Hourly,19.28,32.0,,,,,,,516
70,✅ Validated,16068715,516,,,Hourly,19.29,40.0,,,,,,,516
71,✅ Validated,16068715,516,,,Overtime,19.29,16.0,,,,,,,516
72,✅ Validated,16068715,522,,,Hourly,17,15.25,,,,,,,522
73,✅ Validated,16068715,522,,,Hourly,18,17.0,,,,,,,522
74,✅ Validated,16068715,522,,,Hourly,19.28,12.5,,,,,,,522
75,✅ Validated,16068715,522,,,Hourly,19.29,6.5,,,,,,,522
76,✅ Validated,16068715,526,,,Hourly,22,2.0,,,,,,,526
77,✅ Validated,16068715,561,,,Hourly,17,28.0,,,,,,,561
78,✅ Validated,16068715,571,,,Hourly,17,5.0,,,,,,,571
79,✅ Validated,16068715,571,,,Hourly,22,9.0,,,,,,,571
80,✅ Validated,16068715,576,,,Hourly,19.29,17.0,,,,,,,576
81,✅ Validated,16068715,589,,,Hourly,19.28,20.07,,,,,,,589
82,✅ Validated,16068715,643,,,Hourly,17,9.75,,,,,,,643
83,✅ Validated,16068715,647,,,Hourly,17,72.75,,,,,,,647
84,✅ Validated,16068715,653,,,Hourly,17,14.9,,,,,,,653
85,✅ Validated,16068715,657,,,Hourly,18.5,28.0,,,,,,,657
86,✅ Validated,16068715,657,,,Hourly,22,14.0,,,,,,,657
87,✅ Validated,16068715,663,,,Overtime,21,42.0,,,,,,,663
88,✅ Validated,16068715,663,,,Overtime,22,4.0,,,,,,,663
89,✅ Validated,16068715,663,,,Hourly,21,80.0,,,,,,,663
90,✅ Validated,16068715,663,,,Overtime,21,7.0,,,,,,,663
91,✅ Validated,16068715,663,,,Overtime,22,6.0,,,,,,,663
92,✅ Validated,16068715,663,,,MILEAGE REIMB,0.73,,3.0,,,,,,663
93,✅ Validated,16068715,666,,,Hourly,17,46.0,,,,,,,666
94,✅ Validated,16068715,673,,,Hourly,19.29,51.0,,,,,,,673
95,✅ Validated,16068715,681,,,Hourly,25.5,56.5,,,,,,,681
96,✅ Validated,16068715,687,,,Hourly,22,7.5,,,,,,,687
97,✅ Validated,16068715,687,,,Hourly,25,8.5,,,,,,,687
98,✅ Validated,16068715,689,,,Hourly,22,58.5,,,,,,,689
99,✅ Validated,16068715,701,,,Hourly,22,7.75,,,,,,,701
100,✅ Validated,16068715,705,,,Hourly,17,48.08,,,,,,,705
101,✅ Validated,16068715,706,,,Hourly,19.29,22.5,,,,,,,706
102,✅ Validated,16068715,710,,,Hourly,22,8.0,,,,,,,710
103,✅ Validated,16068715,710,,,Hourly,22.5,40.0,,,,,,,710
104,✅ Validated,16068715,716,,,Hourly,17,67.0,,,,,,,716
105,✅ Validated,16068715,716,,,Hourly,22,13.0,,,,,,,716
106,✅ Validated,16068715,716,,,Overtime,22,3.0,,,,,,,716
107,✅ Validated,16068715,726,,,Hourly,17,42.0,,,,,,,726
108,✅ Validated,16068715,745,,,Hourly,18,35.0,,,,,,,745
109,✅ Validated,16068715,757,,,Hourly,17,12.25,,,,,,,757
110,✅ Validated,16068715,768,,,Hourly,17,9.25,,,,,,,768
111,✅ Validated,16068715,768,,,Hourly,19.29,42.0,,,,,,,768
112,✅ Validated,16068715,800,,,Hourly,22,3.0,,,,,,,800
113,✅ Validated,16068715,806,,,Hourly,17,47.75,,,,,,,806
114,✅ Validated,16068715,809,,,Overtime,22,26.25,,,,,,,809
115,✅ Validated,16068715,809,,,Hourly,22,80.0,,,,,,,809
116,✅ Validated,16068715,809,,,Overtime,22,0.75,,,,,,,809
117,✅ Validated,16068715,818,,,Hourly,19.29,64.5,,,,,,,818
118,✅ Validated,16068715,833,,,Hourly,19.29,72.45,,,,,,,833
119,✅ Validated,16068715,845,,,Hourly,22,43.5,,,,,,,845
120,✅ Validated,16068715,848,,,Hourly,17,35.25,,,,,,,848
121,✅ Validated,16068715,848,,,Hourly,18,44.75,,,,,,,848
122,✅ Validated,16068715,848,,,Overtime,18,5.0,,,,,,,848
123,✅ Validated,16068715,854,,,Hourly,17,80.0,,,,,,,854
124,✅ Validated,16068715,854,,,Overtime,17,7.019999999999996,,,,,,,854
125,✅ Validated,16068715,858,,,Hourly,17,70.25,,,,,,,858
126,✅ Validated,16068715,860,,,Overtime,17,3.48,,,,,,,860
127,✅ Validated,16068715,860,,,Hourly,17,69.75,,,,,,,860
128,✅ Validated,16068715,860,,,Hourly,18,10.0,,,,,,,860
129,✅ Validated,16068715,863,,,Hourly,19.28,31.5,,,,,,,863
130,✅ Validated,16068715,863,,,Hourly,19.29,6.5,,,,,,,863
131,✅ Validated,16068715,866,,,Hourly,17,72.0,,,,,,,866
132,✅ Validated,16068715,868,,,Hourly,17,1.5,,,,,,,868
133,✅ Validated,16068715,870,,,Hourly,17,52.5,,,,,,,870
134,✅ Validated,16068715,874,,,Hourly,17,24.75,,,,,,,874
135,✅ Validated,16068715,885,,,Hourly,17,50.25,,,,,,,885
136,✅ Validated,16068715,885,,,Hourly,22,7.0,,,,,,,885
137,✅ Validated,16068715,887,,,Hourly,23,16.0,,,,,,,887
138,✅ Validated,16068715,887,,,MILEAGE REIMB,0.73,,6.0,,,,,,887
139,✅ Validated,16068715,893,,,Overtime,17,1.25,,,,,,,893
140,✅ Validated,16068715,893,,,Hourly,17,80.0,,,,,,,893
141,✅ Validated,16068715,893,,,Overtime,17,9.25,,,,,,,893
142,✅ Validated,16068715,903,,,Hourly,22,63.5,,,,,,,903
143,✅ Validated,16068715,914,,,Hourly,17,18.0,,,,,,,914
144,✅ Validated,16068715,916,,,Hourly,17,80.0,,,,,,,916
145,✅ Validated,16068715,916,,,Overtime,17,1.5,,,,,,,916
146,✅ Validated,16068715,927,,,Hourly,17,73.0,,,,,,,927
147,✅ Validated,16068715,935,,,Hourly,17,24.75,,,,,,,935
148,✅ Validated,16068715,969,,,Hourly,17,35.28,,,,,,,969
149,✅ Validated,16068715,977,,,Hourly,19.29,40.0,,,,,,,977
150,✅ Validated,16068715,987,,,Hourly,17,60.5,,,,,,,987
151,✅ Validated,16068715,987,,,Hourly,19.28,15.25,,,,,,,987
152,✅ Validated,16068715,987,,,Hourly,19.29,4.25,,,,,,,987
153,✅ Validated,16068715,987,,,Overtime,19.29,8.0,,,,,,,987
154,✅ Validated,16068715,1001,,,Hourly,17,50.25,,,,,,,1001
155,✅ Validated,16068715,1001,,,Hourly,18,6.0,,,,,,,1001
156,✅ Validated,16068715,1002,,,Hourly,17,80.0,,,,,,,1002
157,✅ Validated,16068715,1002,,,Overtime,17,3.5,,,,,,,1002
158,✅ Validated,16068715,1013,,,Hourly,22,12.0,,,,,,,1013
159,✅ Validated,16068715,1017,,,Hourly,17,18.95,,,,,,,1017
160,✅ Validated,16068715,1026,,,Hourly,17,25.0,,,,,,,1026
161,✅ Validated,16068715,1053,,,Hourly,18,34.25,,,,,,,1053
162,✅ Validated,16068715,1059,,,Hourly,18,80.0,,,,,,,1059
163,✅ Validated,16068715,1059,,,Overtime,18,6.5,,,,,,,1059
164,✅ Validated,16068715,1061,,,Hourly,17,70.85,,,,,,,1061
165,✅ Validated,16068715,1070,,,Overtime,25,10.75,,,,,,,1070
166,✅ Validated,16068715,1070,,,Hourly,25,80.0,,,,,,,1070
167,✅ Validated,16068715,1070,,,Overtime,25,13.25,,,,,,,1070
168,✅ Validated,16068715,1077,,,Hourly,17,4.0,,,,,,,1077
169,✅ Validated,16068715,1077,,,Hourly,18,15.0,,,,,,,1077
170,✅ Validated,16068715,1079,,,Hourly,19.29,45.0,,,,,,,1079
171,✅ Validated,16068715,1079,,,Hourly,20,21.5,,,,,,,1079
172,✅ Validated,16068715,1090,,,Hourly,17,80.0,,,,,,,1090
173,✅ Validated,16068715,1090,,,Overtime,17,9.75,,,,,,,1090
174,✅ Validated,16068715,1101,,,Hourly,17,57.0,,,,,,,1101
175,✅ Validated,16068715,1102,,,Hourly,19.28,20.25,,,,,,,1102
176,✅ Validated,16068715,1102,,,Hourly,19.29,30.0,,,,,,,1102
177,✅ Validated,16068715,1103,,,Hourly,19.29,80.0,,,,,,,1103
178,✅ Validated,16068715,1103,,,Overtime,19.29,4.0,,,,,,,1103
179,✅ Validated,16068715,1114,,,Hourly,17,4.75,,,,,,,1114
180,✅ Validated,16068715,1128,,,Hourly,19.29,40.75,,,,,,,1128
181,✅ Validated,16068715,1148,,,Hourly,17,36.75,,,,,,,1148
182,✅ Validated,16068715,1148,,,Hourly,19.29,4.0,,,,,,,1148
183,✅ Validated,16068715,1150,,,Hourly,17,66.75,,,,,,,1150
184,✅ Validated,16068715,1152,,,Hourly,17,6.0,,,,,,,1152
185,✅ Validated,16068715,1152,,,Hourly,19,65.08,,,,,,,1152
186,✅ Validated,16068715,1163,,,Hourly,17,80.0,,,,,,,1163
187,✅ Validated,16068715,1163,,,Overtime,17,4.75,,,,,,,1163
188,✅ Validated,16068715,1164,,,Overtime,17,6.75,,,,,,,1164
189,✅ Validated,16068715,1164,,,Overtime,22,4.5,,,,,,,1164
190,✅ Validated,16068715,1164,,,Hourly,17,59.0,,,,,,,1164
191,✅ Validated,16068715,1164,,,Hourly,22,21.0,,,,,,,1164
192,✅ Validated,16068715,1164,,,Overtime,22,10.5,,,,,,,1164
193,✅ Validated,16068715,1167,,,Hourly,19.29,8.0,,,,,,,1167
194,✅ Validated,16068715,1173,,,Hourly,19.28,50.25,,,,,,,1173
195,✅ Validated,16068715,1173,,,Hourly,19.29,29.75,,,,,,,1173
196,✅ Validated,16068715,1173,,,Overtime,19.29,7.25,,,,,,,1173
197,✅ Validated,16068715,1174,,,Hourly,17,59.07,,,,,,,1174
198,✅ Validated,16068715,1176,,,Hourly,17,16.25,,,,,,,1176
199,✅ Validated,16068715,1176,,,Hourly,22,32.0,,,,,,,1176
200,✅ Validated,16068715,1180,,,Overtime,18,25.25,,,,,,,1180
201,✅ Validated,16068715,1180,,,Overtime,23,3.0,,,,,,,1180
202,✅ Validated,16068715,1180,,,Hourly,18,18.0,,,,,,,1180
203,✅ Validated,16068715,1180,,,Hourly,23,62.0,,,,,,,1180
204,✅ Validated,16068715,1180,,,Overtime,23,24.0,,,,,,,1180
205,✅ Validated,16068715,1187,,,Hourly,17,78.25,,,,,,,1187
206,✅ Validated,16068715,1194,,,Hourly,17,28.0,,,,,,,1194
207,✅ Validated,16068715,1194,,,Hourly,19.28,16.0,,,,,,,1194
208,✅ Validated,16068715,1194,,,Hourly,22,14.5,,,,,,,1194
209,✅ Validated,16068715,1194,,,MILEAGE REIMB,0.73,,7.0,,,,,,1194
210,✅ Validated,16068715,1203,,,Hourly,17,15.0,,,,,,,1203
211,✅ Validated,16068715,1204,,,Hourly,17,73.13,,,,,,,1204
212,✅ Validated,16068715,1204,,,Hourly,18,6.8700000000000045,,,,,,,1204
213,✅ Validated,16068715,1204,,,Overtime,18,6.1299999999999955,,,,,,,1204
214,✅ Validated,16068715,1210,,,Hourly,18,80.0,,,,,,,1210
215,✅ Validated,16068715,1210,,,Overtime,18,16.0,,,,,,,1210
216,✅ Validated,16068715,1211,,,Hourly,18,79.25,,,,,,,1211
217,✅ Validated,16068715,1212,,,Hourly,19.29,20.0,,,,,,,1212
218,✅ Validated,16068715,1215,,,Hourly,17,13.25,,,,,,,1215
219,✅ Validated,16068715,1216,,,Hourly,17,25.0,,,,,,,1216
220,✅ Validated,16068715,1220,,,Hourly,17,13.0,,,,,,,1220
221,✅ Validated,16068715,1220,,,Hourly,22,23.5,,,,,,,1220
222,✅ Validated,16068715,1224,,,Overtime,19.29,3.25,,,,,,,1224
223,✅ Validated,16068715,1224,,,Hourly,19.29,80.0,,,,,,,1224
224,✅ Validated,16068715,1224,,,Overtime,19.29,19.25,,,,,,,1224
225,✅ Validated,16068715,1226,,,Overtime,22,5.5,,,,,,,1226
226,✅ Validated,16068715,1226,,,Hourly,22,80.0,,,,,,,1226
227,✅ Validated,16068715,1226,,,Overtime,22,20.5,,,,,,,1226
228,✅ Validated,16068715,1231,,,Hourly,17,63.0,,,,,,,1231
229,✅ Validated,16068715,1239,,,Overtime,19,2.85,,,,,,,1239
230,✅ Validated,16068715,1239,,,Hourly,17,50.58,,,,,,,1239
231,✅ Validated,16068715,1239,,,Hourly,19,11.65,,,,,,,1239
232,✅ Validated,16068715,1250,,,Hourly,17,21.25,,,,,,,1250
233,✅ Validated,16068715,1250,,,Hourly,18,16.25,,,,,,,1250
234,✅ Validated,16068715,1252,,,Hourly,17,3.25,,,,,,,1252
235,✅ Validated,16068715,1252,,,Hourly,18,17.62,,,,,,,1252
236,✅ Validated,16068715,1252,,,Hourly,22,33.25,,,,,,,1252
237,✅ Validated,16068715,1261,,,Hourly,17,28.72,,,,,,,1261
238,✅ Validated,16068715,1275,,,Hourly,22,7.0,,,,,,,1275
239,✅ Validated,16068715,1275,,,Hourly,25,37.33,,,,,,,1275
240,✅ Validated,16068715,1281,,,Hourly,17,12.5,,,,,,,1281
241,✅ Validated,16068715,1281,,,Hourly,22,1.0,,,,,,,1281
242,✅ Validated,16068715,1286,,,Hourly,19.28,16.0,,,,,,,1286
243,✅ Validated,16068715,1286,,,Hourly,19.29,1.0,,,,,,,1286
244,✅ Validated,16068715,1291,,,Hourly,17,37.83,,,,,,,1291
245,✅ Validated,16068715,1297,,,Hourly,17,4.0,,,,,,,1297
246,✅ Validated,16068715,1314,,,Hourly,17,22.0,,,,,,,1314
247,✅ Validated,16068715,1320,,,Hourly,17,12.25,,,,,,,1320
248,✅ Validated,16068715,1324,,,Hourly,17,4.8,,,,,,,1324
249,✅ Validated,16068715,1328,,,Hourly,17,73.07,,,,,,,1328
250,✅ Validated,16068715,1332,,,Hourly,17,80.0,,,,,,,1332
251,✅ Validated,16068715,1332,,,Overtime,17,9.620000000000005,,,,,,,1332
252,✅ Validated,16068715,1346,,,Hourly,17,18.75,,,,,,,1346
253,✅ Validated,16068715,1346,,,Hourly,19.29,1.0,,,,,,,1346
254,✅ Validated,16068715,1353,,,Hourly,17,15.53,,,,,,,1353
255,✅ Validated,16068715,1353,,,Hourly,19.28,24.5,,,,,,,1353
256,✅ Validated,16068715,1353,,,Hourly,22,39.97,,,,,,,1353
257,✅ Validated,16068715,1353,,,Overtime,22,5.030000000000001,,,,,,,1353
258,✅ Validated,16068715,1354,,,Hourly,17,56.08,,,,,,,1354
259,✅ Validated,16068715,1356,,,Hourly,17,23.25,,,,,,,1356
260,✅ Validated,16068715,1357,,,Hourly,17,24.0,,,,,,,1357
261,✅ Validated,16068715,1359,,,Hourly,17,7.5,,,,,,,1359
262,✅ Validated,16068715,1359,,,Hourly,22,23.0,,,,,,,1359
263,✅ Validated,16068715,1359,,,MILEAGE REIMB,0.73,,16.299999999999997,,,,,,1359
264,✅ Validated,16068715,1362,,,Hourly,17,80.0,,,,,,,1362
265,✅ Validated,16068715,1362,,,Overtime,17,9.620000000000005,,,,,,,1362
266,✅ Validated,16068715,1365,,,Hourly,19.29,33.5,,,,,,,1365
267,✅ Validated,16068715,1368,,,Hourly,19.29,49.0,,,,,,,1368
268,✅ Validated,16068715,1370,,,Hourly,17,49.25,,,,,,,1370
269,✅ Validated,16068715,1370,,,Hourly,19.29,18.37,,,,,,,1370
270,✅ Validated,16068715,1374,,,Hourly,17,9.25,,,,,,,1374
271,✅ Validated,16068715,1375,,,Hourly,17,19.0,,,,,,,1375
272,✅ Validated,16068715,1377,,,Hourly,17,21.0,,,,,,,1377
273,✅ Validated,16068715,1379,,,Hourly,17,4.5,,,,,,,1379
274,✅ Validated,16068715,1384,,,Hourly,17,17.0,,,,,,,1384
275,✅ Validated,16068715,1385,,,Hourly,19.29,40.25,,,,,,,1385
276,✅ Validated,16068715,1392,,,Hourly,17,48.77,,,,,,,1392
277,✅ Validated,16068715,1397,,,Hourly,19.29,27.75,,,,,,,1397
278,✅ Validated,16068715,1399,,,Hourly,19.28,28.5,,,,,,,1399
279,✅ Validated,16068715,1399,,,Hourly,19.29,16.5,,,,,,,1399
280,✅ Validated,16068715,1401,,,Hourly,19.29,74.93,,,,,,,1401
281,✅ Validated,16068715,1402,,,Hourly,17,47.25,,,,,,,1402
282,✅ Validated,16068715,1404,,,Hourly,17,32.25,,,,,,,1404
283,✅ Validated,16068715,1404,,,Hourly,22,8.0,,,,,,,1404
284,✅ Validated,16068715,1405,,,Hourly,17,43.12,,,,,,,1405
285,✅ Validated,16068715,1412,,,Hourly,17,8.38,,,,,,,1412
286,✅ Validated,16068715,1412,,,Hourly,18,8.0,,,,,,,1412
287,✅ Validated,16068715,1413,,,Hourly,17,80.0,,,,,,,1413
288,✅ Validated,16068715,1413,,,Overtime,17,2.25,,,,,,,1413
289,✅ Validated,16068715,1415,,,Hourly,17,72.5,,,,,,,1415
290,✅ Validated,16068715,1416,,,Hourly,19.28,40.0,,,,,,,1416
291,✅ Validated,16068715,1416,,,Hourly,19.29,40.0,,,,,,,1416
292,✅ Validated,16068715,1416,,,Overtime,19.29,16.0,,,,,,,1416
293,✅ Validated,16068715,1419,,,Hourly,17,27.5,,,,,,,1419
294,✅ Validated,16068715,1420,,,Hourly,17,17.5,,,,,,,1420
295,✅ Validated,16068715,1420,,,Hourly,22,19.37,,,,,,,1420
296,✅ Validated,16068715,1421,,,Hourly,17,15.5,,,,,,,1421
297,✅ Validated,16068715,1421,,,Hourly,19.28,1.75,,,,,,,1421
298,✅ Validated,16068715,1423,,,Hourly,19.29,37.5,,,,,,,1423
299,✅ Validated,16068715,1424,,,Overtime,17,0.25,,,,,,,1424
300,✅ Validated,16068715,1424,,,Hourly,17,80.0,,,,,,,1424
301,✅ Validated,16068715,1424,,,Overtime,17,7.8700000000000045,,,,,,,1424
302,✅ Validated,16068715,1426,,,Hourly,17,40.37,,,,,,,1426
303,✅ Validated,16068715,1429,,,Hourly,19.29,32.75,,,,,,,1429
304,✅ Validated,16068715,1434,,,Hourly,17,80.0,,,,,,,1434
305,✅ Validated,16068715,1434,,,Overtime,17,16.0,,,,,,,1434
306,✅ Validated,16068715,1436,,,Hourly,19.28,13.5,,,,,,,1436
307,✅ Validated,16068715,1436,,,Hourly,19.29,21.4,,,,,,,1436
308,✅ Validated,16068715,1436,,,Hourly,21,7.75,,,,,,,1436
309,✅ Validated,16068715,1437,,,Hourly,17,78.0,,,,,,,1437
310,✅ Validated,16068715,1438,,,Hourly,17,42.25,,,,,,,1438
311,✅ Validated,16068715,1440,,,Hourly,22,56.75,,,,,,,1440
312,✅ Validated,16068715,1442,,,Hourly,17,9.75,,,,,,,1442
313,✅ Validated,16068715,1443,,,Hourly,17,17.75,,,,,,,1443
314,✅ Validated,16068715,1443,,,Hourly,18,2.0,,,,,,,1443
315,✅ Validated,16068715,1444,,,Hourly,17,18.0,,,,,,,1444
316,✅ Validated,16068715,1445,,,Hourly,19.28,22.0,,,,,,,1445
317,✅ Validated,16068715,1445,,,Hourly,19.29,18.75,,,,,,,1445
318,✅ Validated,16068715,1446,,,Hourly,18,10.0,,,,,,,1446
319,✅ Validated,16068715,1446,,,Hourly,19.28,6.62,,,,,,,1446
320,✅ Validated,16068715,1446,,,Hourly,19.29,4.0,,,,,,,1446
321,✅ Validated,16068715,1446,,,Hourly,22,4.0,,,,,,,1446
322,✅ Validated,16068715,1447,,,Hourly,17,15.0,,,,,,,1447
323,✅ Validated,16068715,1448,,,Hourly,17,6.25,,,,,,,1448
324,✅ Validated,16068715,1448,,,Hourly,19.28,9.77,,,,,,,1448
325,✅ Validated,16068715,1448,,,Hourly,19.29,15.53,,,,,,,1448
326,✅ Validated,16068715,1449,,,Hourly,17,25.5,,,,,,,1449
327,✅ Validated,16068715,1450,,,Hourly,18,8.08,,,,,,,1450
328,✅ Validated,16068715,1452,,,Hourly,22,36.25,,,,,,,1452
329,✅ Validated,16068715,1452,,,MILEAGE REIMB,0.73,,15.0,,,,,,1452
330,✅ Validated,16068715,1454,,,Hourly,19.28,8.25,,,,,,,1454
331,✅ Validated,16068715,1454,,,Hourly,19.29,8.0,,,,,,,1454
332,✅ Validated,16068715,1455,,,Hourly,19,18.75,,,,,,,1455
333,✅ Validated,16068715,1455,,,Hourly,19.28,5.25,,,,,,,1455
334,✅ Validated,16068715,1455,,,Hourly,19.29,5.0,,,,,,,1455
335,✅ Validated,16068715,1456,,,Hourly,19.29,4.5,,,,,,,1456
336,✅ Validated,16068715,1459,,,Hourly,17,0.25,,,,,,,1459
337,✅ Validated,16068715,1463,,,Hourly,17,8.0,,,,,,,1463
338,✅ Validated,16068715,1465,,,Hourly,17,2.0,,,,,,,1465
339,✅ Validated,16068715,1931,,,Hourly,17,10.0,,,,,,,1931
